id,first_name,last_name,country
1,Cherise,Gowthorpe,Thailand
2,Edwin,Widger,China
3,Selene,Whitemarsh,Ethiopia
4,Edyth,Bricknell,Guatemala
5,Xena,Wynter,China
6,Cris,Koba,Philippines
7,Augie,Lawling,Belarus
8,Camilla,Brentnall,Denmark
9,Leann,Gatteridge,China
10,Chastity,Hannigan,United States
11,Carmon,Walcot,Madagascar
12,Way,Lewzey,Indonesia
13,Glynis,Pioch,Moldova
14,Jaimie,Goodlife,China
15,Bucky,Guinn,China
16,Sheelah,Noweak,China
17,Karlen,Wooder,China
18,Cassandra,Championnet,Sweden
19,Gussy,Alenshev,Indonesia
20,Layne,Shivell,Madagascar
21,Fernando,Saunders,China
22,Ginger,Allabarton,Indonesia
23,Worden,Punshon,Syria
24,Renado,Dorton,France
25,Wilhelmina,Wildash,China
26,Mollie,O'Growgane,Russia
27,Clerkclaude,Profit,United States
28,Wade,Bownass,Philippines
29,Sarena,Saberton,United States
30,Isaiah,Allaway,Philippines
31,Emilee,Morphey,Philippines
32,Sherlocke,MacGorman,Slovenia
33,Gray,Langshaw,United States
34,Maurene,Longmaid,Nigeria
35,Robyn,Letixier,Russia
36,Atlante,Coggon,Russia
37,Raymond,Cahill,Peru
38,Lorianna,Micheau,Madagascar
39,Billye,Colbert,China
40,Gottfried,Noweak,Tunisia
41,Babb,Duffrie,China
42,Ferguson,O'Halleghane,Brazil
43,Padraig,Haythorne,Costa Rica
44,Sileas,Vanyutin,Russia
45,Peri,Durek,Philippines
46,Gal,Aldrick,Pakistan
47,Yul,McCree,Slovenia
48,Luisa,Witheford,China
49,Gaylord,Blackford,China
50,Vivienne,Greenin,Indonesia
